0,1,2
-0.20486357543058178,-2.407267077128277,0.15551130137173746
-2.1332788446349857,1.0648080452079296,-0.5992099256853538
2.462362633798802,0.08283690405493427,0.40429541129412955
-1.9989513357332065,-1.0405537694923082,0.7535934231311816
0.24504889024749008,-0.1821838005689303,2.4033361220317553
1.3560150877917252,1.1826120815656511,1.6659767598116486
-0.9426824319772393,-0.2780939451049021,2.191431493921415
2.3441102978693076,-0.03159279723780264,0.7320891341300434
2.0670904487955206,0.5717554479742917,1.1588619487045575
0.801332092797694,0.7593449743205415,2.1052167682230936
-1.6133151982615597,-1.735832774809298,0.14314592243007473
0.1863307098832794,-2.1366995811722713,1.055959884276113
0.23964091917516556,-0.09280751316475327,-2.474803555354975
1.135749180537673,-1.597845939588838,1.3489539898491754
0.29505831280635525,0.25681544680876783,2.341563106544299
0.34470584603730725,2.4485556164271665,-0.02288749775283329
-1.0107396662015435,2.2014385091211506,-0.4978440194498708
1.7004012541099902,-0.5237768964379579,1.6542662878180834
-0.0937233046623438,-1.9183061112690363,1.3905500610304808
0.7190362363903835,-1.688234525827354,-1.6268833460163779
1.6387075630065346,-1.325076493375373,-1.1810292049812592
-2.201437543232027,0.14456627431411007,0.9848149814357982
-2.1624892501308133,0.8353528904807068,0.7094351403625505
0.5822227373771028,-0.39075721952790465,-2.4250273275177374
1.3407306535563872,-1.5259627649251912,1.210520808740214
1.1962281747341976,2.161127326607141,0.3916717668184231
-1.0704029239185124,0.0993693142080072,2.0930503454451674
-2.239625349094039,0.6774945124994788,0.6794819526635124
-2.105619337901187,-0.846755546888208,0.8843735129148649
-0.3331760883895839,-0.5695553160027447,-2.3960899209065456
2.402695154842927,-0.484781570441607,-0.08601494404736452
-2.1946029955188933,-0.9310892224267232,-0.48895072918801263
-1.5094349058192036,-1.0614493920705659,1.481381949424633
-2.060013336737937,1.1255624397406034,0.5436415196497255
0.06497381068636365,0.018627541216414745,2.4166098971287746
-1.7545061910837267,-0.5259323974481867,1.5047104479993143
-1.2819656086729703,-2.033218605624953,-0.24456848575754825
-0.5805220513326833,-2.104101308543205,0.7928945779357727
-0.15469404667110254,0.5427899759545862,2.2900550464045737
-0.0726495284958474,-0.08930946367174133,2.351047320957675
0.8052219923856446,-1.9241729649955581,1.0626560716131896
1.0430593172830407,1.1325581059585121,1.8425313107662529
1.7262287914401298,1.382618335274261,0.9750995169764701
0.3714079307173358,0.5554156997766886,-2.3784154872965373
0.853565201183107,-2.210722747235912,-0.5293751450672028
2.411505573690105,-0.43506359767020497,-0.02182289782224599
-0.48008992779344883,-1.1176237088685046,2.0952772281012417
-0.1345644051732363,-2.064857594091034,-1.1700093230044963
-0.8108339470612089,1.963583844901039,1.1495159993104498
-0.9816712515236594,2.196200247560289,0.14514827071314873
0.9885955395426422,-1.0903088060891846,-1.9945841952704657
-0.8490530537642722,-0.5624736420020632,-2.2459813949581484
0.5651450135028666,1.4232155378330167,-1.9408820649291154
-0.5561425317398804,-1.6608513021956774,-1.678239308570829
-0.2506128239174754,1.7810340530436728,1.6339866272706056
1.6241744875447899,-1.2597645959943553,-1.3690663116118749
0.24135764779242735,-0.7208405172480866,-2.306352327120664
-1.7913333168318533,-0.6037353367359747,-1.4686140441132935
0.08303948367571767,-1.363665699184502,1.9640311680292122
1.0422608519325982,-2.149273465018443,0.2867605776465808
-0.7796290088014591,2.032694992292888,1.0929521865454814
-2.3767593143518257,-0.4107643734370389,0.16255075511541178
-1.5727305156478324,1.8678487780613457,0.22691805103536772
-1.6581437010797502,-0.6105539338347005,-1.6788184408236024
-0.052995375079581714,0.23354326264236766,-2.4818618561263617
0.48428498424770916,-2.2984636109321386,0.2414179758653158
-0.007323386378510537,0.056674485955236664,2.4187521680835316
-1.0667887220580736,-0.0074362481011091405,-2.2330884071587223
-2.073223942725051,-0.9245445517647203,-0.7605131090748778
0.03688166887465462,-0.08116494257464613,-2.4457805260555228
1.7371515972603553,1.760812427773013,0.11325912819497444
-0.6198206077444927,-1.9602739873531512,1.1903665387881994
0.2806414757724458,0.8468110331754274,-2.297862553261034
0.8846162874481416,-1.285623535484879,1.793692697455311
1.9883727178969244,1.0727667764807618,-1.1316964433953054
1.9650542816839136,-1.2802501520254197,-0.7121627927725874
-0.46679523734331524,0.6525260785092303,2.264201150231483
-1.3800385217220383,-0.40114422348266066,-1.992250739874543
0.2899354415328858,0.5169302263871158,2.334953177299275
-1.3980783558530219,-1.401717806237546,-1.3638044316468505
0.4068812831325816,-0.014034753097184641,2.3187407054936777
-0.9517508565997452,1.6993357234813464,-1.4985736953619964
-0.04765578671151106,-0.42428925877373197,-2.4190177917580713
-2.305010739402705,-0.13685523871251185,-0.6974183420862337
-1.4823742788076393,1.1278631709077467,-1.59141014159158
-1.1695045424869364,-1.833767625621629,0.9357177880510693
0.15698638195691347,1.1840027115495864,2.1261175051149097
1.483072648166837,-1.8470825043996146,0.12422973145929388
-1.0685908848236096,-0.6638463122303842,-2.070685004637838
0.3828275316656807,0.7520671600247496,2.2743524667456225
1.424585589366578,2.0795634149543774,0.17899117438756323
-2.1270720274211135,-0.5356220812384855,1.025302438053069
0.6431795777153667,0.7605281456088063,2.1923353450500915
1.7247644491250145,1.697022648992798,-0.5689526926609144
0.06347528960009587,2.3658774156385642,0.7029465631248476
-1.9430820690767423,0.5351730693091648,-1.3954148118210195
1.8039708965374326,1.3058894706661055,-1.1469168702144021
2.270084430174567,-0.8649300948379803,-0.5143071481282261
-0.5178393816903016,0.7742329385706501,2.2254107412238913
-1.2520846867604805,1.407710642115406,1.508804651953432
1.3778264954188766,-1.495063464513026,1.3068985648889189
0.2709614441636281,0.18076398637618485,2.3591925125574464
0.61477499786063,-1.4351325562240524,-1.8642816900602674
-1.619680668103837,1.6685070469411232,0.622706269362152
-0.0038775871821420263,2.5065463917363218,-0.19269405338335757
-1.005804683047642,1.5607109427596997,1.5311855217619772
0.31093786282364944,-0.1946012798952644,2.378576459233802
2.3481291707099112,0.14279993676649125,0.8265812918845685
-0.5175854280967488,-1.5290481863650507,1.7533895338487302
-1.2722069610065694,1.9248292977338477,-0.8793052547245402
2.411809535339963,-0.6160826029178971,-0.07184016889145384
-1.9680496021036775,-0.3928162367056958,1.2107137597147657
-1.2604705908493152,-1.9982975348462362,-0.45650837789392495
-1.86071375018866,1.5669373739892045,0.4377476412957126
-0.09260798451911233,-2.239046270369919,-0.7786087546113515
0.34618022244182134,-0.383029837293354,-2.389072667908731
0.7577190167296589,-0.44061585697519046,2.245287956682346
-0.06879146648566398,0.047271292897822725,2.418226006181153
2.0188912787600217,0.8338972791405349,-1.2448147056804506
-0.6664300317313547,0.8552331647888843,2.171920363131251
-0.1296554986935161,2.4877636441498905,0.2827093726792893
-1.3317140389287598,0.6707526526918558,-1.9812695954670083
-2.1362105414039676,1.022300722766703,-0.6141366648479205
-1.4540883470079724,0.8313914067405813,-1.7815929741529353
-0.6090209243165464,2.193099059027254,-0.8785749934956419
0.7932902249439768,2.3110823090152794,-0.5648108994018759
0.2448691240456776,0.022692748425722817,2.3664166703270633
1.4032607942058037,-1.4992544804969647,1.136676170589429
-1.0846170725689486,-1.9266111565814885,0.8429707784749557
0.564876881503752,1.6587603083907887,1.722857210157575
2.333564731659705,-0.7727447328384764,0.059504940428485635
-1.6053617812552294,-1.4846355956453317,0.971646914319727
0.07942082187629125,-0.07566369219293666,2.4209438533808765
-1.225264317995365,0.36216478556662135,2.0543930236881076
-0.09349741604801477,0.2745204022518953,-2.436740305163595
1.9225601089344488,0.618998653109199,1.4396004858124127
-0.40292854068862544,-2.0984684462698544,0.9671761551310613
-1.7631445866961122,-0.45549483209318364,-1.5903007544680032
-2.131928928480251,0.07931531602178855,1.069283090463331
-0.8096662818120833,1.1198983991695084,1.9809373076721215
-0.2653102794602019,-0.756235999630474,-2.319313116270655
2.34111822840184,-0.5314859841971495,0.3187163934163328
0.960704452882199,2.023643530845062,-1.1618962866422073
-0.7984175926021305,0.5969792027951089,-2.2420381600118735
2.188703300012639,-0.870224840728661,-0.7711208047614735
-0.09128325069680371,0.09167095639285293,-2.489292877906462
1.1000731688820247,-2.0884980255082586,0.2414264971814067
0.6195218065781459,-1.3248231787919689,1.8721228485013797
-1.4969559783338382,1.3732832626021683,-1.4780003911931212
-0.6852293662781593,-2.1729739196213953,-0.7649452250644283
-0.04666597250791926,-0.010183070104574582,-2.491941184779142
1.1895616366771453,0.8250645874214632,1.9174859070109034
0.5276676034692196,-0.012701102868478054,-2.3924923685485893
0.892338891370488,-1.876063251464881,-1.2612631052800631
-1.1028735743204086,-1.395520802381071,-1.5832739337852975
-1.0822298327242523,-2.055347932539656,0.41859567571542605
0.9729150672409764,1.997389127853831,-1.2096651255941053
0.42378091331360374,-0.38853884227967267,-2.4243452910475414
1.6259547307616016,-1.6118433568009516,0.7247218874548312
-0.2843664627407617,0.09948706635284302,-2.4797705363439935
0.5460493742978236,0.511089499210942,-2.380078228211113
1.435522415204246,1.7573693573455276,0.9337882030046676
0.36246558243562504,0.17109927647287715,2.3396451452487543
0.820025815063305,0.6779797184747393,-2.2021255741454677
1.6515450578310793,0.4441106913517848,-1.753507237370743
0.7641695289234818,2.0629803181251685,1.1704125721496454
0.8421400685663173,-2.107395211269479,0.8102144035998179
0.012440793218464868,-0.04588085485748531,2.3977075954489777
-1.8671314047263583,-0.41671113595958664,-1.405483616196238
-2.0719762711928706,-1.1368951505609615,-0.11624421476951755
-1.4551678951799845,1.0385480014645017,1.5665989839389167
1.1722179205589767,-1.6446228163867276,1.340604807520723
0.6392983587674947,1.4250498801299458,-1.9900858038017952
0.3944613641227058,1.3774355043522044,-2.0505513385157133
-0.5227835261792211,-1.5293107945869555,-1.8581985067452638
-0.3740994743087488,0.43643553159374865,2.294914035466254
-1.5675153360658876,-1.6392740007633135,0.7357820001572323
1.6887217382595547,-1.4605221380829956,-0.958864591370178
1.0816321810056329,-0.24622898033811172,2.1325128251318195
0.19960109551405317,-0.22713282777121832,-2.45188531780518
-1.875728658166319,-1.41587239561459,-0.507836438673286
-2.328697349489048,-0.0010915650279330537,-0.4761135467229372
0.9175594494886243,-1.472030143230696,-1.6863765979683447
1.0420954320375222,-1.29003320772783,1.7093010730071811
-2.3381589362391657,-0.477122677237874,0.12646794859845814
0.3493085404323009,2.227670897459141,1.0117849446437972
-0.2987631255260838,0.26029781174564925,2.3752929896598354
-2.1536749944333375,0.5433197437969193,0.8689632889617934
-1.6776400113318315,-0.7711345472108585,1.545947119482286
-1.175390575465469,-2.0052297262935346,-0.6336802283529034
1.4495010096287122,1.7612513740358093,0.9335829866492685
0.07717017263768419,-0.007528102237896966,2.359812498161964
-1.9968246951647894,-0.7594013037815591,1.0328047264646558
1.233952389057879,2.168289260586203,0.13222050435081045
-2.251182813131168,0.8955608214626218,-0.16343015453380813
0.6814568021771742,0.5730364526923255,2.1999033626951885
0.5731017040246154,-0.06932133659125758,-2.4219889012184823
1.0158595616377795,-1.5868163927838006,1.4512874477113906
1.1754919262787797,-0.14759056156343656,-2.194023395544346
-0.9090415476907687,-2.228110325925328,-0.4140330410589883
1.7550010511805507,-1.069605493794115,-1.299180310002121
-2.231601007171754,0.6954187117743177,-0.7349081719370405
-1.356693036423012,1.146391192858061,1.6226586661720879
1.2311544769869065,-1.8056962534425964,-1.1315537516769734
-1.1722222847476638,-0.7530287538970996,-2.0709402112982254
1.0038226801095884,-0.15191741290464092,-2.2204142803999614
-0.07574628871421656,2.425950718796882,0.28379986404533203
-1.523314527095125,0.33113181778899836,-1.8452422573498157
0.7615107092745937,-1.4407408000984778,-1.7588671410423942
-0.23210689540878413,0.14786442879564968,2.3842524634119346
0.967168347299734,-2.167231380586608,-0.20693214861945647
1.5358509017672568,1.7455328329148816,-0.8323459424016397
-0.775621033171673,-0.8279616337317187,2.0715490527888085
-0.8263686321757829,0.2440872151245731,2.1970903473668666
1.7982801486908284,-1.6376620849022487,-0.08666883181557976
1.9777674030924879,-1.0542957635299763,-1.0759833244615047
-0.4130904554903381,-0.08274094967198492,-2.418818871119522
-1.2421665859169424,1.5738556898613842,-1.3784993254640054
-1.0278282778721106,1.6536671367026246,1.4865456296757122
1.5859763515729537,-1.7150369190042718,0.5360906525836285
0.9343203031951176,-2.0647993041548385,-0.8104100141899708
-0.1556822745017085,0.3343176833778221,2.3551762934510605
2.4508130820386778,0.04696296774701179,0.1368352406987331
1.3354409978909223,-0.25849255120465525,-2.0877890766651355
-0.1262534069160011,-1.9389011624796466,1.3491877739156573
-2.1352614762362894,0.11492695681636983,-1.1515943999837632
0.7884026821373422,-1.1278361876602918,-2.0732441182396926
-1.230687973997229,0.5298167584389825,-2.0821195289323398
0.4877802025159739,-2.2571573270729255,-0.46793397888741967
-2.153593099025054,-0.7299556679518031,0.5776098547351486
0.7207016452069367,-2.13679871906071,0.8023352338320494
-1.0490945161274197,2.101155356105363,0.6660550228134464
-0.9375280740659493,-1.5546703675044466,1.536641941923724
-0.31525678288842823,1.8664228181291866,1.5265674195824037
0.14479637235853715,0.40446797236006643,2.3277136568828203
1.9000730611955712,1.1211809789790645,1.1915472724597056
0.14485597380235948,0.0844057743695416,-2.4820266989790865
1.4561104159698393,-1.3743850434077247,-1.402488997637185
2.0537509407194277,0.21174252283439787,1.3162996029461584
0.7240127105882963,0.41988283251449043,-2.36860062409443
0.8950031918483027,2.325406671611167,0.02527675973429529
-1.4593491864722312,0.9774571514709476,-1.7310944380916897
-1.6796754853370641,-1.6287815527069531,0.5680663051575565
1.8858817251949733,0.10832718171560944,-1.5228937241190663
1.9603387189498276,1.0606417974983149,1.0498061009592574
1.6591096272047237,-0.6247487146237598,-1.7057081819229603
-2.211624656703138,0.7433606146028149,0.5261471628330754
1.0095676170693897,-0.629084016313072,-2.195114645827789
-0.6594682430943842,1.8761321603827015,1.4177015851571577
0.2881456502976533,0.14125026530778573,2.36471701160997
-1.3283304596880632,0.2066915671633404,1.9074763818584226
-2.3441650978496607,-0.3372188319732431,0.30070622515836815
0.3668450633303044,1.8985798297828893,-1.6509098607892638
-1.6206636796945197,-1.1474976484637296,-1.3702024781751525
-2.231024681374533,-0.9391895684323144,-0.11308751410195468
-1.222581204137454,1.6877147372771633,-1.3105723567711303
-0.5358439835545403,-0.9824672666425454,2.127702753555203
2.275999719879816,0.6752470286205916,0.6210881796846294
-1.2871777210845552,1.9732193912638663,-0.8607354076390503
0.4576070244552669,0.19212504034777403,2.366879203749306
-0.1768959451575756,0.4724655840296772,-2.426771526292982
-0.012409437305036521,-1.332802352633619,-2.0617375696272457
-0.48976401161659694,0.6509009637644766,-2.324059433704935
2.0488802446398764,-1.351564214409426,-0.2819106766928271
-0.2753654074958695,-1.1892252448462586,-2.152270082284705
1.260246288043937,-1.3189589462765474,-1.6340988138162118
-1.0036630505033333,-1.4224676029544399,-1.7052724151813026
0.5339579098978596,-0.396054018178383,2.32915080875229
1.7949604622723494,1.7515506972859278,-0.23560345271637192
-1.3396605289321362,-1.5611311089939097,1.2799355923046962
-0.2721093281349678,-0.16034783573634798,2.383445509766365
-0.2165115850228702,-2.178128635220193,-0.9366945818918436
0.8216430224196533,-0.9783464243446257,1.9892863556907898
0.13114025445091093,0.32891748374546625,2.4003147015810793
0.9197184584293605,-2.0745024374937633,0.7984812161525785
0.26194212023100033,-0.2759784136502907,-2.411954922361377
0.208577373334053,-1.5408088766746164,-1.9246770949146734
-1.3171368563900598,1.7338051698233008,-1.227596562799075
-1.1237696098450267,0.43767164035738876,2.020553166376821
-1.3645074565474984,-0.7059899858478274,-1.847778236019655
-0.6563861389216638,-0.23867033627057432,-2.411670278666881
-0.05167215736026257,0.6343752110989825,-2.366883513879716
0.5273762804861939,2.150981639145112,-1.0787289334364316
-0.1607909994023698,-0.027219519792548785,-2.5014711421260283
-0.14827483481544806,-2.410132021659041,0.0271837260089938
-0.7201668865375411,-0.6464539301278968,2.1642612166124775
1.154928994479452,0.7687928772691995,2.007964862600489
1.1096792091326344,1.4263131960097348,1.6590590315602625
-2.092851792797886,-0.3827006043678338,0.9775172789352723
-0.26814033473305027,-0.48950420386928734,2.272605189403409
0.7633315253572398,2.2359731052691685,-0.8446381857216184
-1.6887461949766263,-0.9102390986624019,1.4298352218292911
-1.3415833888430653,1.8411141382557648,-0.877737989714796
-0.5498685559681451,-0.8144341152877991,-2.242414448094454
-1.2548014443616564,2.066342647869854,0.3783300750720462
1.5307068617899873,-0.13269006574506975,1.8348841611121518
-1.8460383233164186,-0.10816297133855661,1.448232748279205
0.08419337666674018,-1.2355607718325137,-2.0686805650984224
-1.571602300484921,-1.0215246969114522,-1.6000173425740005
0.06866301109425686,-0.03369494818238288,2.353842808583222
0.15375425989379948,0.3251997663801169,2.4045214618487325
-0.8298259820165446,-0.49594773601703146,-2.289653009360306
1.159163987118699,0.25273145270962644,-2.225999228557458
2.133824254259631,0.9322492159368697,-0.9035873764086162
-0.8893456119624401,0.23974566278070084,-2.265012983982001
0.3371286064143207,-0.22891231119597338,-2.4750384801471284
-0.06895514783025325,0.6469992689270866,-2.3395370918081246
0.2638287928200124,-0.08048494708664215,2.3598520214211973
-1.0809958062059843,-0.20678286874925153,-2.2274845948746327
-0.5035491399198896,2.2071780086720123,0.9353299647314774
-1.954015921837462,-0.14201145370458745,1.3268249402442465
-0.08808236699320049,0.024396986322823517,-2.470080415273514
-0.20197136098920476,-1.1365506008130712,2.0686379079359036
-0.05259323678268572,-1.0449485112377999,2.103077755679876
-1.922802041872224,-1.1173940267050773,0.6531532733433466
-2.0234066657266987,-0.6470957720938981,1.029883074992477
-2.355344460219666,-0.14723050451177372,0.1553716894966978
0.625152765313521,-0.4101760710147944,2.2305165236373887
1.4575333935625476,-0.09700696334442045,-2.0469862321139827
0.5403844343703267,-1.9112828784920683,1.332202319762907
-0.051811516080478716,-0.04886518113322203,-2.4937360771136743
-2.1342002803783187,0.9733099243578035,0.7480455048294071
2.1048823307203035,1.1657956679812163,0.7028319582974974
-0.7469104487234153,1.9107063195436824,-1.376579431695591
-2.1068136649277918,1.2860996942763263,-0.3039027116871922
0.6867840587810157,-1.257416485345347,-1.9677040442393958
-0.7734647081791807,-1.6162750559370267,1.569564464542882
1.5006700625401168,1.4332515787362388,1.3462751862717122
0.37898912688578074,-0.7276428648562792,2.2770153339893406
-0.6726641726795167,-1.8250548329732328,1.4166314307637995
-1.2955300160325125,-0.9565734224283492,1.7714472106247605
-1.7978302078209036,1.2435238690065862,-1.0595160043035654
-0.027840443861827636,0.6532361132164004,2.3567499059756556
2.306123552474,-0.21925267362815304,0.5946026540313503
-0.6132605897660771,-0.1311550343970101,2.3482797415792036
0.7261007155219019,2.24628698603482,-0.9850757405118608
-0.5801924778363292,-0.25302456374294063,-2.3851807690558005
0.731024091601567,0.31280386736953447,-2.379517164873001
1.2325706302849075,-1.753611338829271,-1.1865235514955619
0.6102866160401705,0.5623554491162032,2.2548435241337987
2.144876437823647,0.19708656796034152,1.1497210188037288
-1.3594776443284016,-1.833073968666307,-0.901471799943847
-0.8272921334796708,1.950325164355246,-1.370291871702766
-0.6837762576271003,2.355913344373541,0.3359769847437038
0.06551182557794408,1.157032516934528,2.1630565563825592
0.30174655486554874,-0.1091593813879785,-2.426311522811706
0.11740487491693546,-0.4812978174803239,-2.4375125612675186
1.9323997272297488,-1.4742888026676393,-0.4918907119898505
0.829559063093403,-1.8185104311082678,1.3652424254252913
1.8425658695906266,1.232337090125039,-1.077566210114932
-1.262542736632613,-0.4319881465116762,1.990727428957022
-0.1893659419966497,-0.0225185254455805,-2.4346374882884767
-1.325297700149958,-0.7952179809155424,-1.8467393731126365
-0.20775002848234717,0.005830357595910596,2.3944555814858806
-2.1211064728456837,0.6652148007110621,0.9202793878659926
-1.7469762171890875,0.9579233297262811,1.3495073824509214
-1.3864394341336874,1.4432964238861334,1.3950551404467604
0.06723714290445706,0.6957841107809001,-2.3737143468009
0.5194846478063374,0.33356283544871895,2.358218528827117
-0.9678344054278178,-1.3795375747406609,1.6534689071073658
0.231197914216845,0.3988602387268882,-2.4502537171890144
-0.509613686232934,0.5791668493741589,-2.406538225473443
0.7242829061571198,1.5459081584961802,1.7754827802451842
0.4901495063202618,1.9136274714742405,1.4531835461317268
-1.003651650062448,-1.9570156089876216,-0.9589819320528485
2.3914077496972506,0.48129040950808405,0.06424023333074008
-1.233010620002459,0.4102924601847922,1.934735664678811
-0.2585507620207784,-0.3517046293812688,2.320386728169896
2.132796019296429,0.9083177750382287,-0.995431092613256
1.124474189465449,-1.5330624610271046,-1.5700123233615033
-0.05181261533320471,-0.8997905856821283,2.1596762603912474
-0.5464568415387654,-0.10600819497749663,-2.4110899442817164
0.522259892210447,-1.7055438443310988,1.5737539991802696
-0.25639882702475597,-0.07620317165031579,2.362673453256897
0.24586662540429383,0.7240483121744034,-2.389076715033974
-2.259835782927272,-0.5451409947199521,0.6637877955225926
0.32702905269973237,2.4201007334673315,-0.14906679050965002
2.01890627043565,1.068940422286467,0.966822755258234
0.7547308127067159,2.3690589896302616,0.3472718732246652
2.367428584003899,0.8853239590480337,-0.12881297566874345
-1.0419894996735437,-2.1298418192290045,-0.30759418165816377
-1.8618808432631226,-1.2687985843768834,0.6975947991237716
-1.7940066235724728,1.6747235906472324,-0.408471965297388
-0.665773298075423,-0.6611199841485147,-2.288006821160546
2.1377643311329377,0.6826591720272537,-1.0404462119597442
-1.5696951331870679,-0.499090115587006,1.7422830919324297
2.2470914054379185,0.5652883231107301,-0.8336438238363043
-1.3322009136322936,0.6557306032753119,1.9177845545511256
0.7712550009170555,0.7262876291010459,2.2003790431220303
2.1659873269082417,0.10904274583007124,1.0785360124775882
1.9814850515529123,-1.241597711661598,-0.7550432573930934
1.7442171787610816,0.1803924397805771,-1.7744526765975877
0.472283740039422,-2.091058539097111,-1.1921894808850282
1.1903564991262967,-0.6674281907686737,-2.0730031407899747
0.8278372430144515,-1.7884616015997796,1.3069811559461892
1.2935040894748207,1.594455030522899,1.3061643124583209
0.19935481674150124,1.7680798635460104,-1.8256092367455885
0.7757612495400716,2.2913749018468614,0.6586679748254982
-0.4947086724572086,-0.2979044467577442,2.3561022306858477
0.4198738090872224,-0.004959727691292288,-2.4507147983011204
0.06311897936404236,0.0877737939296827,-0.08318358910730231
0.04006455115577561,0.16970580551372536,0.1717955682294846
0.14843956196647978,0.15479311054041797,0.10998073626799046
0.3202988652847008,0.09368738237380685,0.09902932516934153
-0.09898479265439235,-0.07383450603402889,0.18912289259207762
-0.022815063752031847,0.1324479682182193,-0.21769087884612917
0.022627884542777574,0.0993091927186014,-0.00750414799692936
0.12678922521667502,0.10367637935482829,0.051679508600778086
-0.11873269912300348,0.3162592003382944,0.14919355244115895
0.1173789264758626,0.04701692515467258,0.028247389326459853
0.142351410335761,-0.027733827505489764,-0.020516215303746865
0.0007933037293389128,-0.04263422192236784,0.10977317640446115
0.1345810386344048,-0.11937957009446115,0.055733483977713515
0.19867327349037253,-0.2553938722836926,0.1986955418962285
0.3884223168957968,-0.03473052306824357,-0.09705383571874586
0.21007271656888718,-0.07302219648423017,0.09559374028238907
-0.16185104111679752,0.05668675532367647,0.06340738706741346
-0.16734509340441028,-0.003497052714672888,-0.06148947482901868
-0.011747090270810988,0.09543530738578801,0.05767196943949337
-0.1083593035213087,-0.18693308131048914,-0.07096703973065506
0.052862916973226946,-0.017434515377209716,0.1043752928152266
-0.04198786765066901,0.21848033004832404,-0.10706064610580592
0.12558669157551872,0.23534521491827298,-0.00325791890577739
-0.015940514323338862,0.08445815609654315,-0.2522159930009364
0.3878911189414061,-0.02511877019340256,-0.015934319075994574
0.12758472386614583,-0.02984599839010582,-0.07233065465459756
0.04044428273023403,0.3958657252948493,-0.016393532035759367
0.0475477231081242,0.30884320920433894,-0.13189197488177076
-0.08087310662843228,0.02491328247699631,-0.28102213143806926
-0.08650966768445159,-0.19464633554981348,0.039354977131364946
0.2741210478366639,-0.04873651635964558,-0.15170171848680203
0.3483544610888269,0.29734011912443803,0.06564413248901742
-0.03656670012184291,0.09873683500200156,-0.128063193146951
-0.201025612648093,0.07543573171125004,-0.23764672324865901
-0.019342166990229975,0.08595251760562896,-0.2536431182547203
0.10984021677111852,0.15874945661109902,0.2486661091936996
-0.0636518850446778,-0.0021252321911954843,-0.15034574690900152
0.19495683855209114,0.061110663229885016,-0.22028617148179355
-0.1219577789427302,0.00536422112753011,-0.16559583030683261
0.1610689947123842,0.104102677289965,0.1435846521396598
0.14341581195024353,0.24807382206484413,0.09882520984682673
-0.05966453171771817,-0.07423950544240449,0.11204623666897436
0.1371985473714186,-0.08893002333759732,-0.06279006725072492
-0.07956132315677032,-0.014479800344599636,0.05618330012200854
-0.1283133879669467,0.12343694617091465,-0.12809903713901277
0.20974489594139192,-0.07578984467918529,-0.09680221629451319
-0.10556248232951951,0.18090357930527218,-0.06932411744815042
0.08751438515997353,0.16132895057758526,-0.0579116494837124
0.15838891225438878,-0.00981804938578681,0.2300397345244972
0.21149295329528014,-0.22850879617076297,0.05664264743927478
-0.14459381014196357,0.03258557236636185,-0.18783966624045165
0.1333607382224941,-0.19566407721807155,0.15346796616779126
-0.08291762633854628,0.010635891670897507,-0.10366084705087904
0.016687765108900958,0.11829505310897213,0.04739656687424724
0.02455655470896214,-0.05928892503962424,-0.008355854713739081
0.1432900603115643,0.17347308041089415,0.06317002894134087
0.13771579598266379,0.13288175608184596,-0.3183623594490151
0.06479286899283411,-0.02716739374837002,0.12269562143736908
0.10958027926686423,0.28720030597640955,-0.05740363722722169
-0.15178862347625574,0.03123321613113054,-0.22302554883575285
0.07894610035529816,0.08942240987054954,-0.10182946013856933
-0.06532369084389783,0.11392833433741525,-0.14645500974027956
0.03971210928428063,0.21234261185048725,0.20283459992410605
-0.37789024516434594,-0.06049906991600496,-0.2545639727743593
-0.009036534169577018,-0.07145020959264191,-0.2656891072796941
0.296283458668711,0.05344706859037347,-0.20652047813399585
0.05683413030538361,0.17197219847212866,-0.015846050478032125
-0.010860572982262036,-0.06789719005274757,-0.0862135406633907
0.04104356879910854,0.13528917872505178,-0.12297227730892152
-0.04642040297018484,0.14258836243048026,-0.17347382205856862
0.08277792011076536,0.11709958836229276,-0.14340934302080233
0.0753759733478468,-0.024642235836176495,0.20601034751612324
0.3061712405159988,0.1968422594682276,0.3000744041410912
-0.04036570964571488,0.03625633917261333,-0.13003395799674344
0.11698602363209791,0.3026064831892862,-0.00019113458599519435
-0.06347659753072696,-0.05938919168220291,-0.02626170611326034
0.05427661145354786,-0.10544182716557393,-0.06451022931902405
0.007312067082142894,0.1851894245669843,0.13073670146904998
-0.03199125669552557,-0.3661833907242015,-0.4156300239954785
-0.010030876388430353,0.032754045525215665,-0.10507584907456162
-0.19719894478820735,-0.21333528197099913,0.029323333068635295
0.07765621583222083,0.16631312381777583,0.052134082390935095
-0.116160854561622,-0.1128956334162407,-0.10099030363037009
0.1737288598545979,0.0921202252272957,0.07395286737751226
-0.21078514973429852,-0.0021434922815971973,-0.08870388123047777
-0.031173071847611294,-0.1488795198293971,0.001658554251871281
-0.007768983599769586,-0.06027832038927469,-0.03099747405652779
0.17809783296980689,0.22765535976963855,0.21266639160880804
-0.40367849859047367,0.30469096549430125,-0.25050769872586315
-0.07946749435338844,0.189232846632943,0.19378033792530408
0.14834252969081682,-0.2103857611489565,0.1814566297820338
0.20345168348283021,-0.02662706453119304,-0.013850621288813814
-0.22962352762441848,0.4558300491794381,0.025020277991038488
0.006643927738531813,-0.13583215733079987,0.15978782657754229
0.12138252157521418,-0.10870091211460377,-0.05355004286207027
-0.10350722652519348,-0.060614362471248455,0.1559090728927973
-0.09283422249403943,0.18562060549388612,-0.06196081808265312
-0.023689703590829482,0.08621366842622885,0.14257981210905146
0.01119783406101654,-0.026753836492579987,-0.03288531256649201
-0.04364934226280012,-0.05037485155414844,0.21482333266433273
0.04412971885803636,-0.0799619404866546,-0.08421103044766509
-0.04106002643419139,-0.2717512020755485,0.16590723602562701
0.17404716856863217,0.19223840275713205,-0.08005399150796383
0.07325426620094967,0.06941492229345356,0.21853461027513457
-0.14774299968466173,0.12106309160596247,-0.17400616422624965
0.21203023574189298,0.03304236997949052,0.05103511082001802
-0.10318771852283266,0.012344684955807404,0.01850299046520396
0.015260379243215903,-0.02638887719490125,0.059725845325321804
0.2771405530508726,-0.08819003079816964,-0.13957415881574303
0.20823618712777928,-0.15604735665518177,0.17932906943035942
-0.22489880759790604,0.2091273327639642,-0.07069483142379927
0.18092946005921487,0.19845711875555236,0.27924831251704535
0.09124687299068876,-0.06573490295378122,-0.2702643988213296
0.12738646195899384,-0.09631469772069808,-0.009023667314779809
0.10589339733933598,-0.18069043397072426,0.031521490541073546
-0.1377855106989044,0.17484188261687167,0.055484504232125524
-0.07129866596555963,0.034830804607192054,-0.14465349456582136
0.020134606558453783,-0.2108010137703139,-0.008932494677053536
0.10754059417700874,-0.011131924423731473,-0.22564770995502867
0.0537791670798323,0.248446674722011,0.15823135749541248
0.20294581139477877,0.17539605974767994,0.09575615918702983
0.00022587681731657178,-0.2114096475127064,-0.011497449530888241
-0.1195917950103733,0.18698886207726262,-0.06471279013806747
0.13778611294494486,-0.09916879316212991,0.00012197819246302467
-0.25430753746930584,-0.012977918842486771,0.05768136850911656
-0.0031678532080560325,0.36665070596555766,0.02000292327460168
0.010484504247442754,0.20119296520795854,-0.026847743340289453
-0.02417070949362124,0.07678596650898131,0.25500001340181144
-0.1812009624969621,-0.11238382537350265,0.057807906449505425
0.08710491212864586,-0.046263689907485965,0.24279862628118362
-0.06469272832785622,0.20691807729315193,-0.2506579436204794
0.030152564053850982,-0.07761550607027992,0.014648971601983507
-0.10561729769101774,0.10377997302625519,-0.16639953315067166
-0.20232292100651536,0.2615138242418654,-0.03647947646935349
0.02325386634033099,0.07502834184755253,-0.05600795919727841
-0.049192088360966384,-0.08577812003059207,-0.31728319156937784
0.010651512202692854,0.2677892563336605,-0.2820347124415593
0.17054359694626198,-0.09004763554938368,-0.3116353091167382
0.21277382303361939,0.08560215964149985,-0.2812160793240232
-0.08553778580329206,-0.08244199160245318,-0.4148107677523477
-0.2256097868833053,-0.11658417106888629,-0.22743277841783388
-0.06871113204312013,0.08344730353165052,-0.11095104231428204
0.20825887867481285,0.016134223494287638,0.2027246120844594
0.04018093433087068,0.09908189894985968,-0.055244165928287445
-0.06671582883223796,-0.23257704893179973,-0.1322994417939128
-0.023222463604989262,0.22054817868834858,0.24842535840491609
0.2969366960846082,0.11730933137487638,0.05700226763199414
0.08640951078523751,-0.08132145488282821,-0.048491795256605345
-0.062183658128209446,-0.010137290797568869,-0.0793426321254198
0.1736777882767727,0.06885247069849255,-0.03628867076077211
-0.016595878674610612,0.07073235950619064,0.08296217098847668
-0.08728048152972515,-0.1380495172541737,-0.017033921809863697
0.06428625031867949,0.06314735461369703,-0.26306631963554394
0.09062735734404112,0.03682971884330777,-0.07255069430549652
0.16072339765483087,0.0009000535549175955,-0.05387558589298204
0.2445389543118749,0.009200991201434777,0.013044569532019362
-0.31204515474790173,0.15490199948339978,-0.15773895442037797
0.12351035606744752,-0.05576143908986973,0.015230182368714616
-0.04486091543353196,-0.00046266554153204085,-0.0681757101915232
0.1455404309107808,0.16810603168096,-0.01713223765580418
0.08363993440941983,-0.25036030431112605,-0.07751178247540658
0.29846149541898503,0.12672995246174712,0.2655886170856755
0.09604005105165396,0.06973395267153468,-0.23467404102082343
-0.12426710129686823,0.06600638507358007,0.08220806865028155
0.3405165398168349,-0.21977271977187002,0.10463803103291142
-0.04883455938586568,-0.1567720781085921,0.04699517680418991
0.04426985910228768,0.1962381315076367,0.07812710142084435
-0.12756530647519063,0.22092815114287706,0.04209418349526303
-0.0053769229396609655,0.07891455099026252,-0.019736011797817775
-0.12506591254290192,-0.08523245115292932,0.10403367180913954
0.05350192930790581,-0.1430533550110468,-0.27980849374207
0.07285722325127353,-0.021230440191677028,-0.05139964818251834
0.24478868024481504,0.24734363649847138,0.1676469285356028
0.0756240836456973,0.206644176165857,-0.0012795083859113302
0.12219742588980576,0.14484591405025138,-0.10650495941056397
0.05176533161248974,-0.030799168785094432,-0.20545467340650453
0.17258607834107703,-0.13707984084362135,-0.15861944717404913
-0.2133758562435091,0.12315131138833355,-0.014110065834105574
0.11648742302833018,0.03363661469491295,-0.25926832752760354
0.15992553879902557,0.02439337745008838,0.14418276193570864
0.06634785194661819,0.2359016311788002,-0.1750438724773347
-0.07096168286504655,0.08958485737503964,0.022198059546838626
0.07958715174553116,-0.02175949205829543,0.1871524120060027
-0.2666316943530133,0.17996639962097977,-0.14391647615689668
0.17574683560484106,-0.11590513630033955,-0.0021758316138860115
0.05816071069878287,0.12679058190846448,-0.1581118477330884
0.3060535869766332,0.039962307455895636,-0.04878968334558327
-0.02091807558508866,-0.07886614131987728,0.11115885409760713
0.05079152259258717,0.0010556464792581687,0.11496567195487797
0.1482008334465968,-0.021456096495439198,0.08895237656918933
0.10561806404372819,0.18235967167760828,-0.18593211341536237
0.37827942615208593,0.14012205799864622,0.19512430970774006
0.024796806180312787,0.19939077735664423,0.08361561456543168
-0.09810423844939102,0.03251670354804563,0.20291177104669977
0.010751019870931234,0.025291130437169445,0.10094035386402612
0.2186873143856673,0.1613946789909594,-0.04635520992710747
0.024540575786021326,-0.05452033056360339,-0.04285976603183531
0.023956728664534518,0.0906738374289659,0.04271208310860001
0.18338652635031052,0.359158844873719,0.04376749524427102
-0.022296530003875825,-0.18747226786051122,-0.06593721112368672
0.07484776471708632,-0.029387459927704283,0.08452346330781195
-0.22486881064408892,0.11995120016854632,0.042149661720174
0.09524839736573958,0.01237399344537022,0.010416489036158052
0.006469902805959192,0.09319290036789474,0.2206421903493539
-0.26042400380754116,0.10242268486409073,0.010455091583733455
0.20105224522849646,0.18241073677096634,0.027743740435100563
0.014804962478330736,-0.02236532021374413,0.001917621862600103
0.3539522948919782,-0.17156642929717988,-0.06019550670018226
0.148501875707991,0.08947242808267157,-0.20799322003250925
0.009085134182089736,-0.10804045454109468,0.0524539320577992
0.2036410455895518,0.11357743190125606,-0.1679467027552908
0.14350792393761672,0.06561749869178095,-0.009922960096724255
0.22399882073033633,0.16584825345133894,-0.3124641908989999
-0.07413249569002886,0.3241723492248231,-0.1294300738651433
0.05195057530275587,-0.14895478944574686,-0.13575157711266528
0.027584345164123125,0.3066904330036837,-0.19060815353664734
-0.022417763656233762,0.025136180147534697,-0.016723181628853234
-0.03075841446195692,0.05585019607087588,-0.16902155269466865
-0.30943283382265796,0.25523446359462304,0.1279425821746279
-0.021110986090710458,0.006434046521249338,0.003532348224196237
-0.1773452844848042,-0.055763230873402105,-0.5014471271658117
0.14320958501055972,0.06759205594736689,0.2872383396339716
-0.3519894286525322,-0.11890043553950988,0.15874247896363966
0.3823702283017072,-0.24265995266618995,-0.030447746240061035
-0.1094935139342099,-0.0277348724787994,-0.2929154878408751
-0.1837418530777879,0.005966653190866197,-0.17411130970704738
-0.056473805457580205,0.07865263086250793,0.063231334564331
0.05547108414725679,-0.05405292500424646,0.01938368329810697
-0.2254184499961872,0.08325480413258705,0.03684772216990808
0.22491312227123283,-0.043388012785022884,-0.2635225375662623
0.2677788207728387,0.12626465539398096,0.1554172389889151
-0.1292709087331134,0.13105150672887667,-0.17651483128274212
-0.024916954681852593,-0.016558094190848326,-0.22544402487669618
-0.09120541929872746,0.08011186356407758,-0.1210584391772013
0.12418248376656596,0.1196977273893934,-0.06373896687285624
-0.14798866195570337,-0.03047943792437259,0.16321431689587249
-0.2641712081711451,0.12282356957432213,0.029411604696363367
0.3093974284123361,0.11109335112603722,-0.12796810350313143
0.02690412720458766,0.08275747638762733,-0.0776173530436269
0.15571098765822683,-0.2551062848876665,-0.0827941477605207
-0.037019760114020625,0.3948477015998323,0.05310405499954928
0.30481293716837604,0.23890202230806062,0.0013115642545335113
-0.10838961190587208,0.30023475613616296,-0.029875206915263196
0.019834197282033294,0.15942272596217907,-0.25778303937922953
0.0687990335977705,0.025343639438870035,-0.165193307010224
-0.06641127890807719,0.19534343810622679,0.04463556061047049
0.02158058814430769,0.21162040571031565,0.027878750881486076
0.2881839230465978,-0.06360780315378001,0.1325748966282349
0.15874538537260488,0.12672021713868895,-0.044053334933123474
0.36708918230943693,-0.028548052722695706,-0.16276250848378265
0.2233318949357443,0.16095712492518174,-0.11246033661977337
0.14541713459722916,0.14884499247272265,0.01124839853824616
0.0194052648030133,0.14811581802145102,-0.042975226019710475
0.12099405769579842,0.15710881898003998,-0.2922746711201794
-0.019037262297952145,0.1411371083853598,0.051067925531705916
0.15149149952920238,0.025432514733602186,0.04820279026245249
0.24836633545397616,0.0946763113258158,-0.08716705742390773
0.03536364091363054,0.002763462895403754,0.20436005318466754
0.07744787344499854,0.13684512738100987,0.041689947892340276
0.08230877481929313,0.011371819454250783,0.050863715535382964
0.13070940734082948,0.0038102836280185268,0.2036679555416785
0.08331773601970133,0.13242184107668634,-0.05805688298913877
0.21410068973387938,-0.1805263963765728,-0.17103768568278532
0.2855595812822686,0.48777264913462137,0.18200116387252074
0.03891501296462767,-0.14512092148341407,-0.13707305539028902
0.12432933460929778,0.142783785838244,-0.05199027021463308
0.13075625616322836,0.014414126168403872,-0.04238860207229921
0.2880867049711385,-0.04270156387678922,0.016377879048223676
0.10024896175958087,-0.31585210188749346,-0.22148919367880887
0.09221935999757533,-0.015309166133658717,0.18208824268028584
0.13079347315612386,-0.04714408329470467,0.06431853596332199
-0.09296913250879359,0.015119889372296481,0.06954587402274845
0.41237814815885276,0.13056806684680203,-0.12181441396264274
-0.10852657589650179,-0.1928466246643942,-0.015633491115207638
0.17616722904218637,-0.006963400560657591,0.06518403680887505
-0.1295020364538253,-0.1821128480870269,-0.09509855585149406
0.006370424234408144,0.12210889038735562,-0.26138566504398525
-0.07857747148968461,-0.08814068232972344,0.09637078509639499
0.029604144508091724,-0.14776211542218096,-0.10856333626185642
-0.13006046694099432,0.13362575362585438,0.09293027167961584
0.21141627729086357,0.2583372292359689,0.012611325331539988
-0.010852522103235758,-0.06156046111511539,0.0197255240960127
0.17736249401992862,-0.01461787090363931,0.1530284237072762
0.08598217776774233,0.23255888814983025,0.08662548536710125
0.19317217422053537,-0.0051117055361106336,-0.07097045576173286
-0.15934403927783242,-0.20762015733207814,-0.12714676349290033
0.068109637281293,0.31653919978500955,-0.008098629445720484
0.06909055535397848,0.08787793149413829,-0.07356547187557688
-0.12785173959203833,0.048336659700775726,-0.16832501005644593
-0.1668164149646643,-0.15625226367802467,-0.06306401622651892
-0.18463212611887533,0.09916943303848674,0.023588939068015527
0.13570644769634885,-0.09653631253167025,-0.06629792413851582
0.003373200193862678,0.17886681515772251,-0.16492763845023004
-0.19793098094035888,0.3519119015315341,-0.08787125765488871
0.04628473346937789,-0.15608324551434857,-0.08953098620161774
-0.09527345884036091,0.123015187815616,-0.01611816864607338
0.0293396537637816,0.17986703103375176,0.1407251383897671
0.010134672568312162,0.030915284987523776,0.006720555314193531
-0.005945838320114836,0.24398054835114721,0.028069181904134953
-0.21122566189909578,0.12010381956251082,0.061037143384204406
-0.04128570127508746,0.10896078001424199,-0.14722453790407336
0.273454803866782,-0.10623133087214791,-0.15984631228747923
0.010974816365898366,0.3696980554117795,0.07705603683021121
0.04574235545006704,0.23684895538486364,0.04926480743728109
0.1745330951445606,0.05664154739142457,0.1321459146606091
-0.0812635593017426,0.3268223907597036,-0.12437940022099128
-0.0069746940919763285,0.004697518258366566,-0.2839725261096139
0.32962960350754794,0.24562685172769763,-0.09959710150906805
-0.14091864860545117,-0.2126086544594435,-0.11844098978296141
0.004894404124518078,0.07198349026347824,-0.19990165570175777
0.09944649676561385,-0.06208722791710689,-0.3122565032815463
0.009079697520944398,0.014863146924277117,0.015940836259303953
-0.3525970554880204,0.009967722436528017,-0.10838750875558373
0.057835317151262416,0.13514733778045385,-0.0597368686134666
0.0491104725499255,-0.02361384803074353,0.047452414745647424
0.31907052516645396,-0.06694272380149967,-0.03013500331681954
0.026874699590180233,-0.22803587364130856,-0.06359839896097885
-0.02366772821476022,-0.27544398721017277,-0.14300623198349321
-0.08837092802926394,0.1010678878656191,0.0005499293968063499
-0.0410079571681467,-0.021162247503055242,0.05865077193563994
0.26521538957762275,0.08618939552740061,-0.1301065699168199
-0.11541553852677258,0.011892419374339299,-0.21246850339027323
0.16622364169505202,-0.009551231091145373,-0.015960088650779233
-0.009298962829903222,0.252260701482652,-0.08826050406040357
-0.11556029259588495,0.20309516171154943,-0.22094000980826997
0.1042253574689107,0.0031048667073615786,-0.1628250048668773
0.05348921836063704,0.06912139653122915,-0.12638072529384456
0.12479728845549529,-0.03959898679283855,0.10024158440942812
0.07263371406520737,-0.014474530389444315,0.24036606982886904
0.034291927715095254,0.17158350984932297,-0.3817637960156214
-0.14243811350978156,0.16300517620319951,-0.1004406394836201
-0.1615641799801034,-0.19416222766807884,-0.2767983465897339
-0.10041965199639062,-0.06200517636174234,0.3289418358955951
0.07374499452033807,0.33372220886427617,0.014387553003367535
-0.1083402327060931,0.24317436991919997,0.013033629414757471
-0.17465612641476438,0.04820953044302512,-0.05295022165454732
0.0478315818773057,0.11023131149885515,-0.13811358279519156
-0.15121826201554361,-0.22170554136828485,0.01771982972135593
0.14233548598950824,0.14086267319984622,-0.12605466852177125
-0.04938294834426147,0.11208252524455253,0.10803140015159815
0.25849785958991656,0.19472143958854837,0.011605651864937025
-0.05829205465460069,0.07388027155240498,-0.20100168794526027
-0.04271598579611948,0.06107694264506042,0.060019871699277326
0.1598716494088384,-0.06038676216480317,0.18676895767002175
0.0500797508857264,-0.10552300372979907,0.08171087717925957
-0.0011026893999017584,-0.07328121087369469,0.1619798524884937
0.11104445095595487,-0.22431743412189245,-0.08111989381647167
-0.04270063024583223,0.06975025753201186,-0.2463539488705867
0.12719929143792738,-0.16608340558065554,0.41207351656706814
0.05161831517674958,-0.03843277883454911,-0.12118532877603085
0.254628712700726,-0.038749061930985436,-0.07292480082654673
0.05336977885126915,-0.22940765681102282,-0.0613288065407189
0.20976959164953565,-0.1281031463229369,-0.2533873400223674
0.03483037232494108,0.03617681087521654,0.04693007536659826
-0.13769059625075297,0.056088181053026924,-0.1447335381175605
0.10231198261651925,0.00410520851169566,0.021775495779103083
-0.12759985612135416,-0.04311797437074311,-0.21765235923780918
0.13095179682320682,0.045086387169842895,0.004361448017312366
-0.2375704832240745,0.21683028631144358,0.015457420108711767
0.2282393747869806,0.30104520228209514,-0.14025051839481514
0.04317324618434512,0.03543098174203109,0.013780286182515008
0.17767750377284686,-0.06431632829607904,0.03901862568521699
0.022726099900566378,0.0766108934708887,0.017846116034031616
0.18999072684643256,0.20762456204967927,-0.07920819715493571
-0.1585531926658772,-0.030821923788848883,-0.05365703463250121
0.11390037231898968,-0.14480098377710107,0.04486945828435074
0.0717972955515176,-0.07463785744581639,0.1465126662037792
-0.018715704944358397,0.2349401693406686,0.1753243391855169
-0.11667909393233668,0.04878112116030073,-0.26075049844806203
0.23337082253582642,-0.000407777543092387,-0.007418112808135808
0.21724624553681218,-0.11804261637664958,-0.25818075998655793
0.030734049694847988,-0.0640946754963901,0.19491869848573612
0.05519301846199496,0.10713994325465317,-0.22465623872746265
0.13171640244079133,0.009059207182620767,0.14274527069177553
-0.19678210746602715,0.0110924632776097,-0.20369820008212294
0.14740249906333702,-0.13432120553597532,-0.006626973871738384
0.27308271667299217,0.26484504418816873,-0.2128685516566793
0.15029086674759395,-0.015404739117547493,-0.10278921948440288
0.26078522261562986,-0.08347503264756931,-0.08493289610294283
-0.017311422462491163,0.048276507137751654,-0.1368612581846487
-0.013103689261857072,0.1553303983635487,0.05913986035200545
-0.24666057103208608,0.25842737599096366,0.20376730572866222
-0.07940079579710733,0.05505235206119925,-0.18692701395778388
-0.16031491850876725,-0.1970485396135962,-0.041686628700101216
0.19135831415607382,0.01579352256828583,-0.016789611775993432
0.07155565690972863,0.22265529194692707,-0.12338628599029419
-0.18541379385992726,-0.03544283374525658,-0.056574423246449415
0.18816541167925663,-0.03947640407210823,0.07590926617759122
0.047676277436416996,0.014641726421744088,0.07920496649586019
0.11386587593124123,0.06541529773499319,-0.036578708616624746
0.37732477644583035,0.22528906910701296,-0.15847272559005054
0.01526957557158096,0.07499201216200872,-0.06710118610756739
-0.1261154880772428,-0.06583246175924914,-0.07389442566805
-0.04642130879985753,0.07020102216262587,-0.044398445906028206
-0.012994163864679636,0.2245457876638535,0.04544292467230962
-0.044730617819536106,0.0780164297400037,-0.013676403610950884
0.05411993938308539,-0.045063203980169754,-0.010642115506691469
0.08276564250218858,0.0328607873429626,-0.20336888815146845
-0.06305745792055778,0.286383819274763,0.06198292393323069
0.19592298629584487,0.2652210387274768,-0.1188118864807291
